date,ppd
2017-01-01,3.1
2017-01-02,0.0
2017-01-03,0.0
2017-01-04,2.2
2017-01-05,0.7
2017-01-06,0.1
2017-01-07,0.0
2017-01-08,0.0
2017-01-09,0.0
2017-01-10,2.6
2017-01-11,2.1
2017-01-12,4.5
2017-01-13,3.2
2017-01-14,14.6
2017-01-15,29.7
2017-01-16,4.4
2017-01-17,1.0
2017-01-18,1.3
2017-01-19,7.6
2017-01-20,10.7
2017-01-21,21.9
2017-01-22,20.4
2017-01-23,7.2
2017-01-24,3.0
2017-01-25,4.4
2017-01-26,0.6
2017-01-27,12.8
2017-01-28,1.7
2017-01-29,1.9
2017-01-30,2.4
2017-01-31,2.0
2017-02-01,3.6
2017-02-02,0.5
2017-02-03,0.0
2017-02-04,0.0
2017-02-05,1.6
2017-02-06,1.5
2017-02-07,1.1
2017-02-08,0.1
2017-02-09,0.5
2017-02-10,8.8
2017-02-11,2.2
2017-02-12,1.3
2017-02-13,1.4
2017-02-14,4.1
2017-02-15,1.8
2017-02-16,1.1
2017-02-17,5.6
2017-02-18,1.2
2017-02-19,0.1
2017-02-20,0.0
2017-02-21,0.5
2017-02-22,12.4
2017-02-23,0.2
2017-02-24,1.2
2017-02-25,4.0
2017-02-26,8.8
2017-02-27,1.6
2017-02-28,4.0
2017-03-01,13.6
2017-03-02,2.3
2017-03-03,10.6
2017-03-04,12.1
2017-03-05,3.9
2017-03-06,0.0
2017-03-07,0.0
2017-03-08,0.0
2017-03-09,0.5
2017-03-10,4.6
2017-03-11,4.7
2017-03-12,7.5
2017-03-13,10.9
2017-03-14,22.2
2017-03-15,13.1
2017-03-16,12.3
2017-03-17,1.2
2017-03-18,4.2
2017-03-19,3.0
2017-03-20,4.4
2017-03-21,0.9
2017-03-22,0.6
2017-03-23,2.2
2017-03-24,1.5
2017-03-25,0.0
2017-03-26,0.0
2017-03-27,0.3
2017-03-28,1.6
2017-03-29,0.1
2017-03-30,0.0
2017-03-31,4.0
2017-04-01,1.0
2017-04-02,0.0
2017-04-03,0.1
2017-04-04,0.0
2017-04-05,0.0
2017-04-06,0.0
2017-04-07,0.0
2017-04-08,0.0
2017-04-09,0.0
2017-04-10,0.0
2017-04-11,0.0
2017-04-12,0.1
2017-04-13,0.0
2017-04-14,0.0
2017-04-15,1.4
2017-04-16,1.5
2017-04-17,0.0
2017-04-18,0.0
2017-04-19,0.0
2017-04-20,0.0
2017-04-21,0.0
2017-04-22,0.0
2017-04-23,0.0
2017-04-24,0.0
2017-04-25,0.0
2017-04-26,0.0
2017-04-27,0.0
2017-04-28,0.0
2017-04-29,0.0
2017-04-30,0.0
2017-05-01,0.0
2017-05-02,0.0
2017-05-03,0.0
2017-05-04,0.0
2017-05-05,0.0
2017-05-06,0.0
2017-05-07,0.0
2017-05-08,0.0
2017-05-09,0.5
2017-05-10,0.0
2017-05-11,0.0
2017-05-12,0.0
2017-05-13,0.0
2017-05-14,0.0
2017-05-15,0.0
2017-05-16,0.0
2017-05-17,0.0
2017-05-18,0.0
2017-05-19,0.0
2017-05-20,0.0
2017-05-21,0.0
2017-05-22,0.0
2017-05-23,0.0
2017-05-24,0.0
2017-05-25,0.0
2017-05-26,0.0
2017-05-27,0.0
2017-05-28,0.0
2017-05-29,0.0
2017-05-30,0.0
2017-05-31,0.0
2017-06-01,0.0
2017-06-02,0.0
2017-06-03,0.0
2017-06-04,0.0
2017-06-05,0.0
2017-06-06,0.0
2017-06-07,0.0
2017-07-01,0.0
2017-07-02,0.0
2017-07-03,0.0
2017-07-04,0.0
2017-07-05,0.0
2017-07-06,0.0
2017-07-07,0.0
2017-07-08,0.0
2017-07-09,0.0
2017-07-10,0.0
2017-07-11,0.0
2017-07-12,0.0
2017-07-13,0.0
2017-07-14,0.0
2017-07-15,0.0
2017-07-16,0.0
2017-07-17,0.0
2017-07-18,0.0
2017-07-19,0.0
2017-07-20,0.0
2017-07-21,0.0
2017-07-22,0.0
2017-07-23,0.0
2017-07-24,0.0
2017-07-25,0.0
2017-07-26,0.0
2017-07-27,0.0
2017-07-28,0.0
2017-07-29,0.0
2017-07-30,0.0
2017-07-31,0.0
2017-08-01,0.0
2017-08-02,0.0
2017-08-03,0.0
2017-08-04,0.0
2017-08-05,0.0
2017-08-06,0.0
2017-08-07,0.0
2017-08-08,0.0
2017-08-09,0.0
2017-08-10,0.0
2017-08-11,0.0
2017-08-12,0.0
2017-08-13,0.0
2017-08-14,0.0
2017-08-15,0.0
2017-08-16,0.0
2017-08-17,0.0
2017-08-18,0.0
2017-08-19,0.0
2017-08-20,0.0
2017-08-21,0.0
2017-08-22,0.0
2017-08-23,0.0
2017-08-24,0.0
2017-08-25,0.0
2017-08-26,0.0
2017-08-27,0.0
2017-08-28,0.0
2017-08-29,0.0
2017-08-30,0.0
2017-08-31,0.0
2017-09-01,0.0
2017-09-02,0.0
2017-09-03,0.0
2017-09-04,0.0
2017-09-05,0.0
2017-09-06,0.0
2017-09-07,0.0
2017-09-08,0.0
2017-09-09,0.0
2017-09-10,0.0
2017-09-11,0.0
2017-09-12,0.0
2017-09-13,0.0
2017-09-14,T
2017-09-15,0.0
2017-09-16,0.0
2017-09-17,0.0
2017-09-18,0.0
2017-09-19,0.0
2017-09-20,0.0
2017-09-21,0.0
2017-09-22,0.0
2017-09-23,0.0
2017-09-24,0.0
2017-09-25,0.0
2017-09-26,0.0
2017-09-27,0.0
2017-09-28,0.0
2017-09-29,0.0
2017-09-30,0.0
2017-10-01,0.0
2017-10-02,0.0
2017-10-03,0.0
2017-10-04,0.0
2017-10-05,0.0
2017-10-06,2.5
2017-10-07,0.8
2017-10-08,0.0
2017-10-09,0.0
2017-10-10,0.0
2017-10-11,0.0
2017-10-12,0.0
2017-10-13,0.0
2017-10-14,0.0
2017-10-15,T
2017-10-16,0.0
2017-10-17,1.4
2017-10-18,0.0
2017-10-19,0.0
2017-10-20,0.0
2017-10-21,0.0
2017-10-22,0.0
2017-10-23,0.0
2017-10-24,0.0
2017-10-25,0.0
2017-10-26,0.0
2017-10-27,0.0
2017-10-28,0.0
2017-10-29,0.0
2017-10-30,0.0
2017-10-31,0.0
2017-11-01,0.0
2017-11-02,0.0
2017-11-03,0.0
2017-11-04,0.0
2017-11-05,0.0
2017-11-06,0.0
2017-11-07,0.0
2017-11-08,0.0
2017-11-09,0.0
2017-11-10,0.7
2017-11-11,0.0
2017-11-12,0.0
2017-11-13,0.0
2017-11-14,0.0
2017-11-15,0.0
2017-11-16,0.0
2017-11-17,0.0
2017-11-18,0.0
2017-11-19,0.0
2017-11-20,0.0
2017-11-21,0.0
2017-11-22,0.0
2017-11-23,0.0
2017-11-24,0.0
2017-11-25,0.0
2017-11-26,T
2017-11-27,0.0
2017-11-28,T
2017-11-29,0.0
2017-11-30,0.0
2017-12-01,0.0
2017-12-02,T
2017-12-03,0.0
2017-12-04,0.0
2017-12-05,0.0
2017-12-06,0.0
2017-12-07,0.0
2017-12-08,0.0
2017-12-09,0.0
2017-12-10,0.0
2017-12-11,0.0
2017-12-12,0.8
2017-12-13,0.7
2017-12-14,0.0
2017-12-15,0.0
2017-12-16,0.7
2017-12-17,T
2017-12-18,0.0
2017-12-19,0.0
2017-12-20,0.0
2017-12-21,0.0
2017-12-22,0.0
2017-12-23,0.0
2017-12-24,0.0
2017-12-25,0.0
2017-12-26,T
2017-12-27,-887.0
2017-12-28,0.0
2017-12-29,0.0
2017-12-30,0.0
2017-12-31,0.0
2018-01-01,T
2018-01-02,0.0
2018-01-03,0.0
2018-01-04,0.0
2018-01-05,T
2018-01-06,T
2018-01-07,0.0
2018-01-08,4.2
2018-01-09,0.9
2018-01-10,0.1
2018-01-11,0.3
2018-01-12,T
2018-01-13,0.0
2018-01-14,1.3
2018-01-15,0.2
2018-01-16,0.0
2018-01-17,3.5
2018-01-18,9.7
2018-01-19,0.7
2018-01-20,T
2018-01-21,T
2018-01-22,4.2
2018-01-23,1.1
2018-01-24,0.0
2018-01-25,T
2018-01-26,T
2018-01-27,0.0
2018-01-28,T
2018-01-29,T
2018-01-30,0.0
2018-01-31,0.0
2018-02-01,0.0
2018-02-02,T
2018-02-03,0.0
2018-02-04,0.0
2018-02-05,0.5
2018-02-06,-887.9
2018-02-07,0.0
2018-02-08,0.0
2018-02-09,T
2018-02-10,T
2018-02-11,0.0
2018-02-12,T
2018-02-13,T
2018-02-14,T
2018-02-15,7.1
2018-02-16,3.8
2018-02-17,0.1
2018-02-18,1.6
2018-02-19,0.2
2018-02-20,3.1
2018-02-21,0.3
2018-02-22,0.0
2018-02-23,0.0
2018-02-24,0.0
2018-02-25,3.4
2018-02-26,6.6
2018-02-27,2.1
2018-02-28,0.6
2018-03-01,0.2
2018-03-02,0.0
2018-03-03,7.7
2018-03-04,2.2
2018-03-05,-887.5
2018-03-06,-887.8
2018-03-07,1.6
2018-03-08,0.9
2018-03-09,T
2018-03-10,0.0
2018-03-11,4.6
2018-03-12,0.0
2018-03-13,0.0
2018-03-14,0.0
2018-03-15,1.4
2018-03-16,4.3
2018-03-17,T
2018-03-18,0.6
2018-03-19,0.0
2018-03-20,-887.5
2018-03-21,0.2
2018-03-22,1.8
2018-03-23,-886.5
2018-03-24,0.9
2018-03-25,T
2018-03-26,0.0
2018-03-27,0.6
2018-03-28,0.0
2018-03-29,0.0
2018-03-30,0.0
2018-03-31,0.0
2018-04-01,0.0
2018-04-02,T
2018-04-03,0.0
2018-04-04,0.0
2018-04-05,0.0
2018-04-06,0.0
2018-04-07,-887.6
2018-04-08,T
2018-04-09,0.0
2018-04-10,0.0
2018-04-11,0.0
2018-04-12,0.0
2018-04-13,2.1
2018-04-14,0.0
2018-04-15,0.0
2018-04-16,0.0
2018-04-17,0.0
2018-04-18,0.0
2018-04-19,0.0
2018-04-20,0.0
2018-04-21,T
2018-04-22,0.0
2018-04-23,1.0
2018-04-24,1.7
2018-04-25,0.4
2018-04-26,0.0
2018-04-27,0.0
2018-04-28,0.4
2018-04-29,0.0
2018-04-30,T
2018-05-01,4.1
2018-05-02,0.0
2018-05-03,0.0
2018-05-04,0.0
2018-05-05,0.0
2018-05-06,0.0
2018-05-07,0.0
2018-05-08,0.0
2018-05-09,0.0
2018-05-10,0.0
2018-05-11,0.0
2018-05-12,0.0
2018-05-13,0.0
2018-05-14,0.0
2018-05-15,0.0
2018-05-16,0.0
2018-05-17,0.0
2018-05-18,0.0
2018-05-19,0.0
2018-05-20,0.0
2018-05-21,0.0
2018-05-22,0.0
2018-05-23,0.0
2018-05-24,0.0
2018-05-25,0.0
2018-05-26,0.0
2018-05-27,0.0
2018-05-28,0.0
2018-05-29,0.0
2018-05-30,0.0
2018-05-31,0.0
2018-06-01,0.0
2018-06-02,0.0
2018-06-03,0.0
2018-06-04,0.0
2018-06-05,0.0
2018-06-06,0.0
2018-06-07,0.0
2018-06-08,0.0
2018-06-09,0.0
2018-06-10,0.0
2018-06-11,0.0
2018-06-12,0.0
2018-06-13,T
2018-06-14,0.0
2018-06-15,0.0
2018-06-16,0.0
2018-06-17,0.0
2018-06-18,0.0
2018-06-19,0.0
2018-06-20,0.0
2018-06-21,0.0
2018-06-22,0.0
2018-06-23,0.0
2018-06-24,0.0
2018-06-25,0.0
2018-06-26,0.0
2018-06-27,0.0
2018-06-28,0.0
2018-06-29,0.0
2018-06-30,0.0
2018-07-01,0.0
2018-07-02,0.0
2018-07-03,0.0
2018-07-04,0.0
2018-07-05,0.0
2018-07-06,0.0
2018-07-07,0.0
2018-07-08,0.0
2018-07-09,0.0
2018-07-10,0.0
2018-07-11,T
2018-07-12,T
2018-07-13,0.0
2018-07-14,0.0
2018-07-15,0.0
2018-07-16,0.0
2018-07-17,0.0
2018-07-18,0.0
2018-07-19,0.0
2018-07-20,0.0
2018-07-21,0.0
2018-07-22,0.0
2018-07-23,0.0
2018-07-24,0.0
2018-07-25,0.0
2018-07-26,0.0
2018-07-27,0.0
2018-07-28,0.0
2018-07-29,0.0
2018-07-30,0.0
2018-07-31,0.0
2018-08-01,0.0
2018-08-02,0.0
2018-08-03,0.0
2018-08-04,0.0
2018-08-05,0.0
2018-08-06,0.0
2018-08-07,0.0
2018-08-08,0.0
2018-08-09,0.0
2018-08-10,0.0
2018-08-11,0.0
2018-08-12,0.0
2018-08-13,0.0
2018-08-14,0.0
2018-08-15,0.0
2018-08-16,0.0
2018-08-17,0.0
2018-08-18,0.0
2018-08-19,0.0
2018-08-20,0.0
2018-08-21,0.0
2018-08-22,0.0
2018-08-23,0.0
2018-08-24,0.0
2018-08-25,0.0
2018-08-26,0.0
2018-08-27,T
2018-08-28,0.0
2018-08-29,0.0
2018-08-30,0.0
2018-08-31,0.0
2018-09-01,0.0
2018-09-02,0.0
2018-09-03,0.0
2018-09-04,0.0
2018-09-05,0.0
2018-09-06,0.0
2018-09-07,0.0
2018-09-08,0.0
2018-09-09,0.0
2018-09-10,0.0
2018-09-11,0.0
2018-09-12,0.0
2018-09-13,0.0
2018-09-14,0.0
2018-09-15,0.0
2018-09-16,0.0
2018-09-17,0.0
2018-09-18,0.0
2018-09-19,0.0
2018-09-20,0.0
2018-09-21,0.0
2018-09-22,0.0
2018-09-23,0.0
2018-09-24,0.0
2018-09-25,0.0
2018-09-26,0.0
2018-09-27,0.0
2018-09-28,0.0
2018-09-29,S/D
2018-09-30,0.0
2018-10-01,0.0
2018-10-02,T
2018-10-03,0.1
2018-10-04,T
2018-10-05,1.7
2018-10-06,0.0
2018-10-07,0.0
2018-10-08,0.0
2018-10-09,0.0
2018-10-10,0.0
2018-10-11,0.0
2018-10-12,0.0
2018-10-13,T
2018-10-14,T
2018-10-15,0.0
2018-10-16,0.0
2018-10-17,0.0
2018-10-18,0.0
2018-10-19,0.0
2018-10-20,0.0
2018-10-21,-886.8
2018-10-22,0.0
2018-10-23,0.0
2018-10-24,0.0
2018-10-25,0.0
2018-10-26,0.0
2018-10-27,0.0
2018-10-28,0.0
2018-10-29,0.0
2018-10-30,0.0
2018-10-31,0.0
2018-11-01,1.8
2018-11-02,T
2018-11-03,0.0
2018-11-04,T
2018-11-05,0.0
2018-11-06,0.0
2018-11-07,0.0
2018-11-08,0.0
2018-11-09,0.0
2018-11-10,T
2018-11-11,0.0
2018-11-12,0.0
2018-11-13,0.0
2018-11-14,0.0
2018-11-15,0.0
2018-11-16,0.0
2018-11-17,0.0
2018-11-18,0.0
2018-11-19,0.0
2018-11-20,0.0
2018-11-21,0.0
2018-11-22,0.0
2018-11-23,0.0
2018-11-24,0.0
2018-11-25,0.0
2018-11-26,0.0
2018-11-27,0.0
2018-11-28,0.0
2018-11-29,0.0
2018-11-30,0.0
2018-12-01,0.0
2018-12-02,0.0
2018-12-03,0.0
2018-12-04,0.0
2018-12-05,0.0
2018-12-06,0.0
2018-12-07,10.4
2018-12-08,0.0
2018-12-09,0.0
2018-12-10,T
2018-12-11,0.0
2018-12-12,0.0
2018-12-13,T
2018-12-14,0.0
2018-12-15,0.0
2018-12-16,T
2018-12-17,0.0
2018-12-18,0.0
2018-12-19,T
2018-12-20,T
2018-12-21,T
2018-12-22,0.0
2018-12-23,0.0
2018-12-24,0.0
2018-12-25,0.0
2018-12-26,0.0
2018-12-27,0.0
2018-12-28,0.0
2018-12-29,0.0
2018-12-30,0.0
2018-12-31,0.0
2019-01-01,0.0
2019-01-02,0.0
2019-01-03,T
2019-01-04,0.0
2019-01-05,0.0
2019-01-06,0.0
2019-01-07,0.0
2019-01-08,T
2019-01-09,1.5
2019-01-10,1.9
2019-01-11,-873.6
2019-01-12,0.0
2019-01-13,0.0
2019-01-14,-887.9
2019-01-15,T
2019-01-16,0.3
2019-01-17,-887.9
2019-01-18,11.6
2019-01-19,-887.8
2019-01-20,T
2019-01-21,0.6
2019-01-22,1.1
2019-01-23,0.8
2019-01-24,1.4
2019-01-25,1.2
2019-01-26,-885.4
2019-01-27,T
2019-01-28,9.6
2019-01-29,1.3
2019-01-30,0.1
2019-01-31,0.7
2019-02-01,T
2019-02-02,T
2019-02-03,4.7
2019-02-04,10.3
2019-02-05,0.9
2019-02-06,-885.0
2019-02-07,2.5
2019-02-08,1.3
2019-02-09,1.0
2019-02-10,0.3
2019-02-11,0.1
2019-02-12,0.0
2019-02-13,0.0
2019-02-14,-883.3
2019-02-15,19.0
2019-02-16,-887.5
2019-02-17,-887.1
2019-02-18,0.2
2019-02-19,T
2019-02-20,0.0
2019-02-21,0.4
2019-02-22,T
2019-02-23,-873.5
2019-02-24,5.9
2019-02-25,6.7
2019-02-26,2.0
2019-02-27,-886.5
2019-02-28,0.3
2019-03-01,3.0
2019-03-02,0.0
2019-03-03,T
2019-03-04,-886.6
2019-03-05,2.1
2019-03-06,14.8
2019-03-07,6.3
2019-03-08,0.6
2019-03-09,0.1
2019-03-10,1.0
2019-03-11,T
2019-03-12,T
2019-03-13,T
2019-03-14,-886.8
2019-03-15,0.0
2019-03-16,0.8
2019-03-17,T
2019-03-18,T
2019-03-19,0.0
2019-03-20,0.0
2019-03-21,0.0
2019-03-22,0.0
2019-03-23,0.0
2019-03-24,0.0
2019-03-25,0.0
2019-03-26,0.0
2019-03-27,0.0
2019-03-28,0.0
2019-03-29,0.0
2019-03-30,0.0
2019-03-31,0.0
2019-04-01,0.0
2019-04-02,0.0
2019-04-03,0.0
2019-04-04,0.0
2019-04-05,0.0
2019-04-06,0.0
2019-04-07,0.0
2019-04-08,0.0
2019-04-09,0.0
2019-04-10,0.0
2019-04-11,0.0
2019-04-12,0.0
2019-04-13,0.0
2019-04-14,0.0
2019-04-15,0.0
2019-04-16,0.0
2019-04-17,0.0
2019-04-18,0.0
2019-04-19,0.0
2019-04-20,0.0
2019-04-21,0.0
2019-04-22,T
2019-04-23,0.4
2019-04-24,0.0
2019-04-25,T
2019-04-26,0.0
2019-04-27,0.0
2019-04-28,0.0
2019-04-29,0.0
2019-04-30,0.0
2019-05-01,0.0
2019-05-02,0.0
2019-05-03,0.0
2019-05-04,T
2019-05-05,T
2019-05-06,T
2019-05-07,0.0
2019-05-08,0.0
2019-05-09,0.0
2019-05-10,0.0
2019-05-11,0.0
2019-05-12,0.0
2019-05-13,0.0
2019-05-14,0.0
2019-05-15,0.0
2019-05-16,0.0
2019-05-17,0.0
2019-05-18,0.0
2019-05-19,0.0
2019-05-20,0.0
2019-05-21,0.0
2019-05-22,0.0
2019-05-23,0.0
2019-05-24,15.0
2019-05-25,0.0
2019-05-26,0.0
2019-05-27,0.0
2019-05-28,0.0
2019-05-29,0.0
2019-05-30,0.0
2019-05-31,0.0
2019-06-01,0.0
2019-06-02,0.0
2019-06-03,0.0
2019-06-04,0.0
2019-06-05,0.0
2019-06-06,0.0
2019-06-07,0.0
2019-06-08,0.0
2019-06-09,0.0
2019-06-10,0.0
2019-06-11,0.0
2019-06-12,0.0
2019-06-13,0.0
2019-06-14,0.0
2019-06-15,0.0
2019-06-16,0.0
2019-06-17,0.0
2019-06-18,0.0
2019-06-19,0.0
2019-06-20,0.0
2019-06-21,0.0
2019-06-22,0.0
2019-06-23,0.0
2019-06-24,0.0
2019-06-25,S/D
2019-06-26,0.0
2019-06-27,0.0
2019-06-28,0.0
2019-06-29,0.0
2019-06-30,0.0
2019-07-01,0.0
2019-07-02,0.0
2019-07-03,0.0
2019-07-04,0.0
2019-07-05,0.0
2019-07-06,0.0
2019-07-07,0.0
2019-07-08,0.0
2019-07-09,0.0
2019-07-10,0.0
2019-07-11,0.0
2019-07-12,0.0
2019-07-13,0.0
2019-07-14,0.0
2019-07-15,0.0
2019-07-16,0.0
2019-07-17,0.0
2019-07-18,0.0
2019-07-19,0.0
2019-07-20,0.0
2019-07-21,0.0
2019-07-22,0.0
2019-07-23,0.0
2019-07-24,0.0
2019-07-25,0.0
2019-07-26,0.0
2019-07-27,0.0
2019-07-28,0.0
2019-07-29,0.0
2019-07-30,0.0
2019-07-31,0.0
2019-08-01,0.0
2019-08-02,0.0
2019-08-03,0.0
2019-08-04,0.0
2019-08-05,0.0
2019-08-06,0.0
2019-08-07,0.0
2019-08-08,0.0
2019-08-09,0.0
2019-08-10,0.0
2019-08-11,0.0
2019-08-12,0.0
2019-08-13,0.0
2019-08-14,0.0
2019-08-15,0.0
2019-08-16,0.0
2019-08-17,0.0
2019-08-18,0.0
2019-08-19,0.0
2019-08-20,0.0
2019-08-21,0.0
2019-08-22,0.0
2019-08-23,0.0
2019-08-24,S/D
2019-08-25,0.0
2019-08-26,0.0
2019-08-27,0.0
2019-08-28,0.0
2019-08-29,0.0
2019-08-30,0.0
2019-08-31,0.0
2019-09-01,0.0
2019-09-02,0.0
2019-09-03,0.0
2019-09-04,T
2019-09-05,0.0
2019-09-06,0.0
2019-09-07,0.0
2019-09-08,0.0
2019-09-09,0.0
2019-09-10,0.0
2019-09-11,0.0
2019-09-12,0.0
2019-09-13,0.0
2019-09-14,0.0
2019-09-15,0.0
2019-09-16,0.0
2019-09-17,0.0
2019-09-18,0.0
2019-09-19,0.0
2019-09-20,0.2
2019-09-21,0.2
2019-09-22,0.5
2019-09-23,0.0
2019-09-24,0.0
2019-09-25,0.0
2019-09-26,0.0
2019-09-27,0.0
2019-09-28,0.0
2019-09-29,0.0
2019-09-30,0.0
2019-10-01,0.0
2019-10-02,0.0
2019-10-03,0.0
2019-10-04,0.0
2019-10-05,0.0
2019-10-06,0.0
2019-10-07,0.0
2019-10-08,0.0
2019-10-09,0.0
2019-10-10,0.0
2019-10-11,0.0
2019-10-12,0.0
2019-10-13,0.0
2019-10-14,0.0
2019-10-15,0.0
2019-10-16,0.0
2019-10-17,0.0
2019-10-18,0.5
2019-10-19,0.0
2019-10-20,0.0
2019-10-21,0.0
2019-10-22,0.0
2019-10-23,0.0
2019-10-24,0.0
2019-10-25,0.0
2019-10-26,0.0
2019-10-27,0.0
2019-10-28,0.0
2019-10-29,0.0
2019-10-30,0.0
2019-10-31,0.0
2019-11-01,0.0
2019-11-02,-887.9
2019-11-03,0.0
2019-11-04,0.0
2019-11-05,0.0
2019-11-06,0.0
2019-11-07,0.0
2019-11-08,0.0
2019-11-09,0.0
2019-11-10,0.0
2019-11-11,0.0
2019-11-12,0.0
2019-11-13,0.0
2019-11-14,0.0
2019-11-15,0.0
2019-11-16,0.0
2019-11-17,0.0
2019-11-18,0.0
2019-11-19,0.0
2019-11-20,0.0
2019-11-21,0.0
2019-11-22,0.0
2019-11-23,0.0
2019-11-24,0.0
2019-11-25,0.0
2019-11-26,0.0
2019-11-27,T
2019-11-28,0.0
2019-11-29,0.0
2019-11-30,0.0
2019-12-01,0.0
2019-12-02,0.0
2019-12-03,0.0
2019-12-04,0.0
2019-12-05,0.0
2019-12-06,0.0
2019-12-07,0.0
2019-12-08,0.0
2019-12-09,0.0
2019-12-10,0.0
2019-12-11,0.0
2019-12-12,0.8
2019-12-13,-883.4
2019-12-14,-886.5
2019-12-15,0.5
2019-12-16,0.0
2019-12-17,0.0
2019-12-18,0.0
2019-12-19,4.4
2019-12-20,1.2
2019-12-21,0.0
2019-12-22,0.0
2019-12-23,0.5
2019-12-24,0.0
2019-12-25,1.5
2019-12-26,0.0
2019-12-27,0.0
2019-12-28,T
2019-12-29,0.0
2019-12-30,0.0
2019-12-31,0.0
2020-01-01,T
2020-01-02,0.0
2020-01-03,0.0
2020-01-04,0.0
2020-01-05,0.0
2020-01-06,3.7
2020-01-07,0.0
2020-01-08,0.0
2020-01-09,0.0
2020-01-10,0.0
2020-01-11,0.0
2020-01-12,1.7
2020-01-13,1.6
2020-01-14,3.6
2020-01-15,T
2020-01-16,4.0
2020-01-17,1.5
2020-01-18,0.0
2020-01-19,1.0
2020-01-20,0.6
2020-01-21,4.1
2020-01-22,9.0
2020-01-23,0.9
2020-01-24,4.5
2020-01-25,6.6
2020-01-26,6.1
2020-01-27,0.7
2020-01-28,1.5
2020-01-29,1.1
2020-01-30,T
2020-01-31,0.0
2020-02-01,0.6
2020-02-02,T
2020-02-03,0.0
2020-02-04,0.0
2020-02-05,0.0
2020-02-06,0.0
2020-02-07,0.0
2020-02-08,T
2020-02-09,T
2020-02-10,1.1
2020-02-11,0.0
2020-02-12,0.0
2020-02-13,T
2020-02-14,-887.3
2020-02-15,T
2020-02-16,1.7
2020-02-17,-884.0
2020-02-18,-887.7
2020-02-19,0.0
2020-02-20,0.0
2020-02-21,0.5
2020-02-22,8.5
2020-02-23,0.3
2020-02-24,0.0
2020-02-25,T
2020-02-26,0.0
2020-02-27,0.0
2020-02-28,2.8
2020-02-29,1.1
2020-03-01,0.0
2020-03-02,0.0
2020-03-03,0.3
2020-03-04,0.0
2020-03-05,0.0
2020-03-06,0.9
2020-03-07,-887.1
2020-03-08,3.0
2020-03-09,T
2020-03-10,T
2020-03-11,0.0
2020-03-12,18.5
2020-03-13,-887.7
2020-03-14,T
2020-03-15,1.3
2020-03-16,1.0
2020-03-17,6.7
2020-03-18,S/D
2020-03-19,S/D
2020-03-20,S/D
2020-03-21,S/D
2020-03-22,S/D
2020-03-23,S/D
2020-03-24,S/D
2020-03-25,S/D
2020-03-26,S/D
2020-03-27,S/D
2020-03-28,S/D
2020-03-29,S/D
2020-03-30,S/D
2020-03-31,S/D
2020-04-01,S/D
2020-04-02,S/D
2020-04-03,S/D
2020-04-04,S/D
2020-04-05,S/D
2020-04-06,S/D
2020-04-07,S/D
2020-04-08,S/D
2020-04-09,S/D
2020-04-10,S/D
2020-04-11,S/D
2020-04-12,S/D
2020-04-13,S/D
2020-04-14,S/D
2020-04-15,S/D
2020-04-16,S/D
2020-04-17,S/D
2020-04-18,S/D
2020-04-19,S/D
2020-04-20,S/D
2020-04-21,S/D
2020-04-22,S/D
2020-04-23,S/D
2020-04-24,S/D
2020-04-25,S/D
2020-04-26,S/D
2020-04-27,S/D
2020-04-28,S/D
2020-04-29,S/D
2020-04-30,S/D
2020-05-01,S/D
2020-05-02,S/D
2020-05-03,S/D
2020-05-04,S/D
2020-05-05,S/D
2020-05-06,S/D
2020-05-07,S/D
2020-05-08,S/D
2020-05-09,S/D
2020-05-10,S/D
2020-05-11,S/D
2020-05-12,S/D
2020-05-13,S/D
2020-05-14,S/D
2020-05-15,S/D
2020-05-16,S/D
2020-05-17,S/D
2020-05-18,S/D
2020-05-19,S/D
2020-05-20,S/D
2020-05-21,S/D
2020-05-22,S/D
2020-05-23,S/D
2020-05-24,S/D
2020-05-25,S/D
2020-05-26,S/D
2020-05-27,S/D
2020-05-28,S/D
2020-05-29,S/D
2020-05-30,S/D
2020-05-31,S/D
2020-06-01,S/D
2020-06-02,S/D
2020-06-03,S/D
2020-06-04,S/D
2020-06-05,S/D
2020-06-06,S/D
2020-06-07,S/D
2020-06-08,S/D
2020-06-09,S/D
2020-06-10,S/D
2020-06-11,S/D
2020-06-12,S/D
2020-06-13,S/D
2020-06-14,S/D
2020-06-15,S/D
2020-06-16,S/D
2020-06-17,S/D
2020-06-18,S/D
2020-06-19,S/D
2020-06-20,S/D
2020-06-21,S/D
2020-06-22,S/D
2020-06-23,S/D
2020-06-24,S/D
2020-06-25,S/D
2020-06-26,S/D
2020-06-27,S/D
2020-06-28,S/D
2020-06-29,S/D
2020-06-30,S/D
2020-07-01,S/D
2020-07-02,S/D
2020-07-03,S/D
2020-07-04,S/D
2020-07-05,S/D
2020-07-06,S/D
2020-07-07,S/D
2020-07-08,S/D
2020-07-09,S/D
2020-07-10,S/D
2020-07-11,S/D
2020-07-12,S/D
2020-07-13,S/D
2020-07-14,S/D
2020-07-15,S/D
2020-07-16,S/D
2020-07-17,S/D
2020-07-18,S/D
2020-07-19,S/D
2020-07-20,S/D
2020-07-21,S/D
2020-07-22,0.0
2020-07-23,0.0
2020-07-24,0.0
2020-07-25,0.0
2020-07-26,0.0
2020-07-27,0.0
2020-07-28,0.0
2020-07-29,0.0
2020-07-30,0.0
2020-07-31,0.0
2020-08-01,S/D
2020-08-02,S/D
2020-08-03,S/D
2020-08-04,S/D
2020-08-05,S/D
2020-08-06,S/D
2020-08-07,S/D
2020-08-08,S/D
2020-08-09,0.0
2020-08-10,0.0
2020-08-11,0.0
2020-08-12,0.0
2020-08-13,0.0
2020-08-14,0.0
2020-08-15,0.0
2020-08-16,0.0
2020-08-17,0.0
2020-08-18,0.0
2020-08-19,0.0
2020-08-20,0.0
2020-08-21,0.0
2020-08-22,0.0
2020-08-23,0.0
2020-08-24,0.0
2020-08-25,0.0
2020-08-26,0.0
2020-08-27,0.0
2020-08-28,0.0
2020-08-29,0.0
2020-08-30,0.0
2020-08-31,0.0
2020-09-01,0.0
2020-09-02,0.0
2020-09-03,0.0
2020-09-04,0.0
2020-09-05,0.0
2020-09-06,0.0
2020-09-07,0.0
2020-09-08,0.0
2020-09-09,0.0
2020-09-10,0.0
2020-09-11,0.0
2020-09-12,0.0
2020-09-13,0.0
2020-09-14,0.0
2020-09-15,0.0
2020-09-16,0.0
2020-09-17,0.0
2020-09-18,0.0
2020-09-19,0.0
2020-09-20,0.0
2020-09-21,0.0
2020-09-22,0.0
2020-09-23,T
2020-09-24,0.0
2020-09-25,0.0
2020-09-26,0.0
2020-09-27,0.0
2020-09-28,0.0
2020-09-29,0.0
2020-09-30,T
2020-10-01,T
2020-10-02,0.0
2020-10-03,0.0
2020-10-04,T
2020-10-05,0.0
2020-10-06,0.0
2020-10-07,0.0
2020-10-08,0.0
2020-10-09,0.0
2020-10-10,0.0
2020-10-11,0.0
2020-10-12,0.0
2020-10-13,0.0
2020-10-14,0.0
2020-10-15,-887.7
2020-10-16,0.0
2020-10-17,0.0
2020-10-18,0.0
2020-10-19,0.0
2020-10-20,0.0
2020-10-21,3.4
2020-10-22,0.0
2020-10-23,0.0
2020-10-24,0.0
2020-10-25,0.0
2020-10-26,0.0
2020-10-27,0.0
2020-10-28,0.0
2020-10-29,0.0
2020-10-30,0.0
2020-10-31,0.0
2020-11-01,0.0
2020-11-02,0.0
2020-11-03,0.0
2020-11-04,0.0
2020-11-05,0.0
2020-11-06,0.0
2020-11-07,0.0
2020-11-08,0.0
2020-11-09,0.0
2020-11-10,0.0
2020-11-11,0.0
2020-11-12,0.0
2020-11-13,0.0
2020-11-14,0.0
2020-11-15,0.0
2020-11-16,0.0
2020-11-17,0.0
2020-11-18,0.0
2020-11-19,0.0
2020-11-20,0.0
2020-11-21,0.0
2020-11-22,0.0
2020-11-23,0.0
2020-11-24,0.0
2020-11-25,0.0
2020-11-26,0.0
2020-11-27,3.1
2020-11-28,T
2020-11-29,3.0
2020-11-30,0.5
2020-12-01,0.0
2020-12-02,0.0
2020-12-03,-887.6
2020-12-04,0.0
2020-12-05,T
2020-12-06,T
2020-12-07,7.2
2020-12-08,-887.5
2020-12-09,T
2020-12-10,T
2020-12-11,1.1
2020-12-12,-882.2
2020-12-13,T
2020-12-14,T
2020-12-15,T
2020-12-16,0.0
2020-12-17,-886.8
2020-12-18,3.4
2020-12-19,0.0
2020-12-20,0.0
2020-12-21,0.0
2020-12-22,0.0
2020-12-23,2.8
2020-12-24,0.0
2020-12-25,T
2020-12-26,0.7
2020-12-27,9.1
2020-12-28,4.2
2020-12-29,-887.2
2020-12-30,1.4
2020-12-31,0.0
2021-01-01,3.1
2021-01-02,4.3
2021-01-03,-886.4
2021-01-04,1.9
2021-01-05,0.9
2021-01-06,1.4
2021-01-07,0.7
2021-01-08,0.0
2021-01-09,4.4
2021-01-10,-886.6
2021-01-11,T
2021-01-12,-882.8
2021-01-13,T
2021-01-14,3.2
2021-01-15,5.4
2021-01-16,3.6
2021-01-17,T
2021-01-18,T
2021-01-19,T
2021-01-20,-885.4
2021-01-21,T
2021-01-22,T
2021-01-23,3.8
2021-01-24,1.8
2021-01-25,-887.8
2021-01-26,0.0
2021-01-27,0.0
2021-01-28,0.0
2021-01-29,0.0
2021-01-30,0.0
2021-01-31,0.7
2021-02-01,-882.8
2021-02-02,-884.5
2021-02-03,0.0
2021-02-04,T
2021-02-05,T
2021-02-06,T
2021-02-07,2.0
2021-02-08,0.0
2021-02-09,T
2021-02-10,T
2021-02-11,T
2021-02-12,T
2021-02-13,0.0
2021-02-14,0.0
2021-02-15,0.0
2021-02-16,0.0
2021-02-17,-876.8
2021-02-18,T
2021-02-19,0.0
2021-02-20,0.0
2021-02-21,0.0
2021-02-22,0.0
2021-02-23,0.0
2021-02-24,T
2021-02-25,0.0
2021-02-26,0.0
2021-02-27,T
2021-02-28,1.2
2021-03-01,6.3
2021-03-02,-885.2
2021-03-03,2.5
2021-03-04,1.8
2021-03-05,2.9
2021-03-06,T
2021-03-07,3.8
2021-03-08,9.4
2021-03-09,-887.4
2021-03-10,-885.6
2021-03-11,-885.1
2021-03-12,22.4
2021-03-13,0.0
2021-03-14,3.6
2021-03-15,T
2021-03-16,T
2021-03-17,-887.0
2021-03-18,T
2021-03-19,0.0
2021-03-20,0.0
2021-03-21,0.0
2021-03-22,1.7
2021-03-23,0.8
2021-03-24,-886.0
2021-03-25,T
2021-03-26,0.0
2021-03-27,T
2021-03-28,0.0
2021-03-29,-885.8
2021-03-30,2.4
2021-03-31,0.0
2021-04-01,0.0
2021-04-02,0.0
2021-04-03,7.4
2021-04-04,0.0
2021-04-05,0.0
2021-04-06,0.5
2021-04-07,T
2021-04-08,0.7
2021-04-09,-887.5
2021-04-10,-887.8
2021-04-11,0.0
2021-04-12,0.5
2021-04-13,0.0
2021-04-14,0.0
2021-04-15,0.0
2021-04-16,0.0
2021-04-17,0.0
2021-04-18,0.3
2021-04-19,T
2021-04-20,0.0
2021-04-21,0.0
2021-04-22,0.0
2021-04-23,0.0
2021-04-24,0.0
2021-04-25,0.0
2021-04-26,0.0
2021-04-27,0.0
2021-04-28,0.0
2021-04-29,0.0
2021-04-30,0.0
2021-05-01,0.0
2021-05-02,0.0
2021-05-03,0.1
2021-05-04,0.0
2021-05-05,0.0
2021-05-06,0.0
2021-05-07,0.0
2021-05-08,0.0
2021-05-09,0.0
2021-05-10,0.1
2021-05-11,0.0
2021-05-12,0.0
2021-05-13,0.0
2021-05-14,0.0
2021-05-15,0.0
2021-05-16,S/D
2021-05-17,0.0
2021-05-18,0.0
2021-05-19,0.0
2021-05-20,0.0
2021-05-21,0.0
2021-05-22,0.0
2021-05-23,0.0
2021-05-24,0.0
2021-05-25,0.1
2021-05-26,0.0
2021-05-27,0.0
2021-05-28,0.0
2021-05-29,0.0
2021-05-30,0.0
2021-05-31,0.0
